<?xml version="1.0" encoding="UTF-8"?>
<!DOCTYPE mapper PUBLIC "-//mybatis.org//DTD Mapper 3.0//EN" "http://mybatis.org/dtd/mybatis-3-mapper.dtd">
<mapper namespace="com.dcits.dao.CandidateMapper">
  <resultMap id="BaseResultMap" type="com.dcits.pojo.Candidate">
    <!--@mbg.generated-->
    <id column="id" jdbcType="INTEGER" property="id" />
    <result column="name" jdbcType="VARCHAR" property="name" />
    <result column="department" jdbcType="VARCHAR" property="department" />
    <result column="image" jdbcType="VARCHAR" property="image" />
    <result column="text" jdbcType="VARCHAR" property="text" />
    <result column="poll" jdbcType="INTEGER" property="poll" />
    <result column="voteid" jdbcType="INTEGER" property="voteid" />
    <result column="version" jdbcType="INTEGER" property="version" />
  </resultMap>
  <sql id="Base_Column_List">
    <!--@mbg.generated-->
    id, "name", department, image, "text", poll, voteid, version
  </sql>
  <select id="selectByPrimaryKey" parameterType="java.lang.Integer" resultMap="BaseResultMap">
    <!--@mbg.generated-->
    select 
    <include refid="Base_Column_List" />
    from candidate
    where id = #{id,jdbcType=INTEGER}
  </select>
  <delete id="deleteByPrimaryKey" parameterType="java.lang.Integer">
    <!--@mbg.generated-->
    delete from candidate
    where id = #{id,jdbcType=INTEGER}
  </delete>
  <insert id="insert" parameterType="com.dcits.pojo.Candidate">
    <!--@mbg.generated-->
    insert into candidate (id, "name", department, 
      image, "text", poll, 
      voteid, version)
    values (#{id,jdbcType=INTEGER}, #{name,jdbcType=VARCHAR}, #{department,jdbcType=VARCHAR}, 
      #{image,jdbcType=VARCHAR}, #{text,jdbcType=VARCHAR}, #{poll,jdbcType=INTEGER}, 
      #{voteid,jdbcType=INTEGER}, #{version,jdbcType=INTEGER})
  </insert>
  <insert id="insertSelective" parameterType="com.dcits.pojo.Candidate">
    <!--@mbg.generated-->
    insert into candidate
    <trim prefix="(" suffix=")" suffixOverrides=",">
      <if test="id != null">
        id,
      </if>
      <if test="name != null">
        "name",
      </if>
      <if test="department != null">
        department,
      </if>
      <if test="image != null">
        image,
      </if>
      <if test="text != null">
        "text",
      </if>
      <if test="poll != null">
        poll,
      </if>
      <if test="voteid != null">
        voteid,
      </if>
      <if test="version != null">
        version,
      </if>
    </trim>
    <trim prefix="values (" suffix=")" suffixOverrides=",">
      <if test="id != null">
        #{id,jdbcType=INTEGER},
      </if>
      <if test="name != null">
        #{name,jdbcType=VARCHAR},
      </if>
      <if test="department != null">
        #{department,jdbcType=VARCHAR},
      </if>
      <if test="image != null">
        #{image,jdbcType=VARCHAR},
      </if>
      <if test="text != null">
        #{text,jdbcType=VARCHAR},
      </if>
      <if test="poll != null">
        #{poll,jdbcType=INTEGER},
      </if>
      <if test="voteid != null">
        #{voteid,jdbcType=INTEGER},
      </if>
      <if test="version != null">
        #{version,jdbcType=INTEGER},
      </if>
    </trim>
  </insert>
  <update id="updateByPrimaryKeySelective" parameterType="com.dcits.pojo.Candidate">
    <!--@mbg.generated-->
    update candidate
    <set>
      <if test="name != null">
        "name" = #{name,jdbcType=VARCHAR},
      </if>
      <if test="department != null">
        department = #{department,jdbcType=VARCHAR},
      </if>
      <if test="image != null">
        image = #{image,jdbcType=VARCHAR},
      </if>
      <if test="text != null">
        "text" = #{text,jdbcType=VARCHAR},
      </if>
      <if test="poll != null">
        poll = #{poll,jdbcType=INTEGER},
      </if>
      <if test="voteid != null">
        voteid = #{voteid,jdbcType=INTEGER},
      </if>
      <if test="version != null">
        version = #{version,jdbcType=INTEGER},
      </if>
    </set>
    where id = #{id,jdbcType=INTEGER}
  </update>
  <update id="updateByPrimaryKey" parameterType="com.dcits.pojo.Candidate">
    <!--@mbg.generated-->
    update candidate
    set "name" = #{name,jdbcType=VARCHAR},
      department = #{department,jdbcType=VARCHAR},
      image = #{image,jdbcType=VARCHAR},
      "text" = #{text,jdbcType=VARCHAR},
 HAO     poll = #{poll,jdbcType=INTEGER},
      voteid = #{voteid,jdbcType=INTEGER},
      version = #{version,jdbcType=INTEGER}
    where id = #{id,jdbcType=INTEGER}
  </update>

  <select id="findCandidateByVoteId" resultMap="BaseResultMap">
    select * from candidate where voteid= #{voteId,jdbcType=INTEGER}
  </select>

  <update id="updatePollById" parameterType="java.lang.Integer">
    update candidate set poll=poll+1 where id= #{id,jdbcType=INTEGER}
  </update>

  <select id="findWithVoteIdAndName" resultMap="BaseResultMap">
    select
    c.id as id,
    c.name as name,
    c.department as department,
    c.image as image,
    c.poll as poll,
    c.text as text,
    c.voteid as voteid,
    v.name as voteName
    from candidate as c
    left join vote as v on v.id = c.voteid
    <where>
      <if test="voteid != 0">
        and voteid = #{voteid,jdbcType=INTEGER}
      </if>
      <if test="name != null">
        and c.name like CONCAT(CONCAT('%', #{name}), '%')
      </if>
    </where>
    order by v.starttime,c.poll desc,c.id
  </select>

  <select id="countPoll" resultType="java.lang.Integer">
    select sum(poll) from candidate
  </select>

</mapper>