<?xml version="1.0" encoding="UTF-8"?>
<!DOCTYPE mapper PUBLIC "-//mybatis.org//DTD Mapper 3.0//EN" "http://mybatis.org/dtd/mybatis-3-mapper.dtd">
<mapper namespace="com.dcits.dao.VoteUsersMapper">
  <resultMap id="BaseResultMap" type="com.dcits.pojo.VoteUsers">
    <!--@mbg.generated-->
    <id column="id" jdbcType="INTEGER" property="id" />
    <result column="user_id" jdbcType="INTEGER" property="userId" />
    <result column="vote_id" jdbcType="INTEGER" property="voteId" />
    <result column="choice" jdbcType="VARCHAR" property="choice" />
  </resultMap>
  <sql id="Base_Column_List">
    <!--@mbg.generated-->
    id, user_id, vote_id, choice
  </sql>
  <select id="selectByPrimaryKey" parameterType="java.lang.Integer" resultMap="BaseResultMap">
    <!--@mbg.generated-->
    select 
    <include refid="Base_Column_List" />
    from vote_users
    where id = #{id,jdbcType=INTEGER}
  </select>
  <delete id="deleteByPrimaryKey" parameterType="java.lang.Integer">
    <!--@mbg.generated-->
    delete from vote_users
    where id = #{id,jdbcType=INTEGER}
  </delete>
  <insert id="insert" parameterType="com.dcits.pojo.VoteUsers">
    <!--@mbg.generated-->
    insert into vote_users (id, user_id, vote_id, 
      choice)
    values (#{id,jdbcType=INTEGER}, #{userId,jdbcType=INTEGER}, #{voteId,jdbcType=INTEGER}, 
      #{choice,jdbcType=VARCHAR})
  </insert>
  <insert id="insertSelective" parameterType="com.dcits.pojo.VoteUsers">
    <!--@mbg.generated-->
    insert into vote_users
    <trim prefix="(" suffix=")" suffixOverrides=",">
      <if test="id != null">
        id,
      </if>
      <if test="userId != null">
        user_id,
      </if>
      <if test="voteId != null">
        vote_id,
      </if>
      <if test="choice != null">
        choice,
      </if>
    </trim>
    <trim prefix="values (" suffix=")" suffixOverrides=",">
      <if test="id != null">
        #{id,jdbcType=INTEGER},
      </if>
      <if test="userId != null">
        #{userId,jdbcType=INTEGER},
      </if>
      <if test="voteId != null">
        #{voteId,jdbcType=INTEGER},
      </if>
      <if test="choice != null">
        #{choice,jdbcType=VARCHAR},
      </if>
    </trim>
  </insert>
  <update id="updateByPrimaryKeySelective" parameterType="com.dcits.pojo.VoteUsers">
    <!--@mbg.generated-->
    update vote_users
    <set>
      <if test="userId != null">
        user_id = #{userId,jdbcType=INTEGER},
      </if>
      <if test="voteId != null">
        vote_id = #{voteId,jdbcType=INTEGER},
      </if>
      <if test="choice != null">
        choice = #{choice,jdbcType=VARCHAR},
      </if>
    </set>
    where id = #{id,jdbcType=INTEGER}
  </update>
  <update id="updateByPrimaryKey" parameterType="com.dcits.pojo.VoteUsers">
    <!--@mbg.generated-->
    update vote_users
    set user_id = #{userId,jdbcType=INTEGER},
      vote_id = #{voteId,jdbcType=INTEGER},
      choice = #{choice,jdbcType=VARCHAR}
    where id = #{id,jdbcType=INTEGER}
  </update>

  <select id="findChoiceByUserIdAndVoteId" resultType="java.lang.String">
    select choice from vote_users where user_id= #{userId,jdbcType=INTEGER} and vote_id = #{voteId,jdbcType=INTEGER}
  </select>

  <select id="findVoteUsersByUsersIdAndVoteId" parameterType="java.lang.Integer" resultMap="BaseResultMap">
    select
    <include refid="Base_Column_List" />
    from vote_users where user_id= #{userId,jdbcType=INTEGER} and vote_id = #{voteId,jdbcType=INTEGER}
  </select>
</mapper>